epoch,train_loss,val_loss
1,0.6836832979520162,1.3976392304455791
2,0.29768300024668376,1.3195161709079035
3,0.210666963160038,1.2393867483845464
4,0.1728408215045929,1.1671790613068476
5,0.15424729637304943,1.104820024084162
6,0.14405970958868664,1.0487280267256278
7,0.1317326037287712,0.9960405705151735
