epoch,train_loss,val_loss
1,0.6019527875582377,1.2235114331598635
2,0.25996158182621004,1.1915675799051921
3,0.1881262393196424,1.148967409575427
4,0.16298230824867885,1.1017842425240412
5,0.14680010817448297,1.0522730195963825
6,0.1352535841266314,1.0064005973162475
7,0.12738607845703762,0.9662004278765784
8,0.12093897938728332,0.93309008302512
